"codine","where_geoname","xy_0_1","xy_1_2","xy_2_3","xy_3_4","xy_4_5","xy_5_6","xy_6_7","xy_7_8","xy_8_9","xy_9_10","xy_10_11","xy_11_12","xy_12_13","xy_13_14","xy_14_15","xy_15_16","xy_16_17","xy_17_18","xy_18_19","xy_19_20","xy_20_21","xy_21_22","xy_22_23","xy_23_24","xy_24_25","xy_25_26","xy_26_27","xy_27_28","xy_28_29","xy_29_30","xy_30_31","xy_31_32","xy_32_33","xy_33_34","xy_34_35","xy_35_36","xy_36_37","xy_37_38","xy_38_39","xy_39_40","xy_40_41","xy_41_42","xy_42_43","xy_43_44","xy_44_45","xy_45_46","xy_46_47","xy_47_48","xy_48_49","xy_49_50","xy_50_51","xy_51_52","xy_52_53","xy_53_54","xy_54_55","xy_55_56","xy_56_57","xy_57_58","xy_58_59","xy_59_60","xy_60_61","xy_61_62","xy_62_63","xy_63_64","xy_64_65","xy_65_66","xy_66_67","xy_67_68","xy_68_69","xy_69_70","xy_70_71","xy_71_72","xy_72_73","xy_73_74","xy_74_75","xy_75_76","xy_76_77","xy_77_78","xy_78_79","xy_79_80","xy_80_81","xy_81_82","xy_82_83","xy_83_84","xy_84_85","xy_85_86","xy_86_87","xy_87_88","xy_88_89","xy_89_90","xy_90_91","xy_91_92","xy_92_93","xy_93_94","xy_94_95","xy_95_96","xy_96_97","xy_97_98","xy_98_99","xy_99_100","xy_100_","xx_0_1","xx_1_2","xx_2_3","xx_3_4","xx_4_5","xx_5_6","xx_6_7","xx_7_8","xx_8_9","xx_9_10","xx_10_11","xx_11_12","xx_12_13","xx_13_14","xx_14_15","xx_15_16","xx_16_17","xx_17_18","xx_18_19","xx_19_20","xx_20_21","xx_21_22","xx_22_23","xx_23_24","xx_24_25","xx_25_26","xx_26_27","xx_27_28","xx_28_29","xx_29_30","xx_30_31","xx_31_32","xx_32_33","xx_33_34","xx_34_35","xx_35_36","xx_36_37","xx_37_38","xx_38_39","xx_39_40","xx_40_41","xx_41_42","xx_42_43","xx_43_44","xx_44_45","xx_45_46","xx_46_47","xx_47_48","xx_48_49","xx_49_50","xx_50_51","xx_51_52","xx_52_53","xx_53_54","xx_54_55","xx_55_56","xx_56_57","xx_57_58","xx_58_59","xx_59_60","xx_60_61","xx_61_62","xx_62_63","xx_63_64","xx_64_65","xx_65_66","xx_66_67","xx_67_68","xx_68_69","xx_69_70","xx_70_71","xx_71_72","xx_72_73","xx_73_74","xx_74_75","xx_75_76","xx_76_77","xx_77_78","xx_78_79","xx_79_80","xx_80_81","xx_81_82","xx_82_83","xx_83_84","xx_84_85","xx_85_86","xx_86_87","xx_87_88","xx_88_89","xx_89_90","xx_90_91","xx_91_92","xx_92_93","xx_93_94","xx_94_95","xx_95_96","xx_96_97","xx_97_98","xx_98_99","xx_99_100","xx_100_"
"02","Albacete",1746,1795,1856,1889,1954,1953,1962,2046,2139,2068,2055,2227,2283,2449,2343,2273,2338,2372,2375,2543,2654,2835,2886,2915,3142,3385,3255,3295,3291,3302,3255,3168,3166,3174,3258,3220,3227,3174,3180,3339,3161,3030,3024,3060,2927,2717,2615,2212,2144,2100,2070,2073,1877,1901,1966,2012,1792,1620,1716,1683,1756,1591,1427,2180,1066,1540,1748,1773,1816,1685,1753,1733,1716,1759,1580,1582,1437,1395,1167,1152,1067,949,859,630,480,421,402,327,273,261,185,154,100,85,58,42,41,14,19,9,24,1662,1806,1818,1877,1809,1859,1872,1880,1927,2009,1944,2186,2177,2220,2213,2194,2309,2246,2266,2351,2362,2502,2643,2720,2829,2962,2904,3143,2998,3030,2887,3019,2851,3059,3112,3081,3019,3041,3042,3140,3024,2878,2792,2805,2671,2609,2468,2105,2108,2005,2061,1959,1803,1885,1844,2070,1769,1731,1783,1904,1732,1643,1526,2304,1178,1689,1852,2041,1932,1872,2031,1939,1940,2103,1971,1813,1714,1681,1542,1502,1383,1369,1202,1066,812,809,642,605,574,398,367,343,237,187,126,86,77,62,45,19,48
"03","Alicante/Alacant",7519,8168,8534,8387,7931,8237,8184,8225,8219,8299,8598,8990,9101,9241,9154,9392,9434,9641,9790,10176,10496,11579,12226,13119,13724,14566,14971,15220,15001,15095,14855,14611,14534,14387,14343,13929,14035,13806,13616,14096,13350,12791,12427,12403,11959,11981,11464,10329,10344,9744,9846,9913,9339,9045,9141,9946,9351,8966,9139,9075,8991,8021,7748,9992,6756,8199,8165,8015,8000,7666,7591,7046,6743,6873,5971,5678,5016,5112,4460,4110,3632,3313,2878,2294,1762,1400,1226,1099,842,753,560,479,315,268,157,131,100,54,41,24,105,7060,7737,7876,7813,7747,7637,7700,7842,7721,7908,8023,8573,8642,8608,8838,9050,8868,9179,9394,9598,10312,10904,11679,12596,12877,13369,13735,14123,13811,13889,13564,13387,13385,13432,13331,13351,13530,13238,12917,13627,12695,12369,12014,12044,11895,11777,11453,10461,10430,9826,10019,10083,9535,9438,9843,10407,9807,9454,9708,9580,9228,8529,8082,10507,7019,8388,8484,8439,8237,8106,8388,7615,7456,7875,7043,6986,6338,6344,6062,5698,5011,4943,4362,3839,3062,2779,2308,2060,1840,1518,1191,1019,766,636,466,330,208,173,129,100,199
"04","Almería",3089,3207,3478,3430,3363,3281,3221,3127,3433,3423,3525,3769,3719,4003,3954,3882,4066,3928,4015,4138,4396,4635,4832,5091,5437,5652,5788,5981,5780,5634,5620,5603,5391,5423,5435,5321,5370,5284,5088,5082,4964,4571,4437,4535,4405,4331,3985,3692,3634,3328,3374,3269,3120,2862,2908,3162,2762,2677,2724,2348,2377,2090,1889,2534,1494,1872,2180,2322,2253,2182,2190,2078,1935,1900,1685,1614,1527,1439,1293,1189,1004,1000,783,630,530,412,363,266,267,203,154,142,104,87,54,42,20,16,14,6,64,2868,3150,3209,3173,3021,2938,3207,3266,3221,3135,3336,3486,3528,3729,3492,3600,3680,3715,3740,3885,4083,4325,4509,4761,4783,4963,5010,5122,5082,4982,4966,4901,4867,4692,4798,4815,4864,4852,4723,4843,4507,4234,4189,4297,4035,4061,3917,3360,3379,3121,3141,3187,2966,2891,2866,3048,2831,2728,2678,2444,2462,2239,1944,2658,1710,2140,2391,2487,2525,2408,2354,2419,2304,2389,2081,2116,1932,1866,1841,1571,1418,1481,1202,1028,895,784,691,596,575,459,349,327,266,233,142,110,99,59,37,26,77
"01","Araba/Álava",1388,1296,1268,1339,1205,1170,1187,1187,1124,1097,1166,1171,1256,1237,1277,1348,1374,1487,1548,1688,1764,1878,2086,2201,2348,2546,2670,2797,2758,2783,2740,2690,2752,2587,2606,2636,2595,2592,2560,2604,2463,2391,2352,2321,2367,2277,2248,2204,2084,2077,2074,2147,1945,1951,2063,2118,1977,1976,1953,1913,1801,1537,1418,1597,1124,1279,1260,1496,1427,1381,1378,1288,1275,1166,991,1012,877,841,773,679,624,588,486,409,318,296,261,210,152,151,118,113,70,65,38,23,13,16,6,7,4,1273,1240,1255,1257,1235,1166,1139,1121,1062,1024,1144,1114,1144,1173,1174,1325,1249,1342,1595,1544,1690,1775,2038,2056,2251,2396,2371,2567,2562,2565,2450,2459,2547,2442,2472,2353,2448,2490,2502,2490,2432,2494,2354,2445,2311,2296,2290,2220,2161,2054,2059,2054,1951,1923,2032,2049,1894,1854,1944,1786,1757,1428,1380,1503,1186,1146,1250,1587,1410,1412,1425,1388,1385,1374,1215,1214,1117,1101,1116,993,940,940,831,779,603,611,521,472,429,397,341,292,209,139,127,104,65,50,26,22,42
"33","Asturias",3005,3265,3562,3510,3496,3124,3241,3371,3520,3493,3769,3921,4070,4096,4208,4540,4959,5408,5679,5831,6307,6554,7013,7583,7929,8408,8724,9010,8802,8623,8218,8402,8335,7984,7902,7754,8124,7909,7974,8260,8115,8200,8207,8454,8381,8316,8512,8156,7852,7688,7692,7681,7157,7267,7334,7493,6778,6892,6818,6202,5990,5075,4803,5109,3979,4480,4793,5936,5740,6043,6012,6045,5510,5634,4929,4948,4518,4347,3984,3691,3203,3014,2625,2237,1753,1438,1221,1022,874,754,576,476,367,264,192,109,107,60,30,33,48,2919,3222,3203,3252,3155,2983,2946,3271,3313,3387,3439,3813,3856,3952,4079,4274,4698,5000,5256,5617,5943,6371,6948,7370,7767,8082,8479,8449,8433,8441,8141,8304,8066,7869,7754,7710,7915,7935,8006,8398,8346,8300,8301,8724,8669,8716,8724,8591,8196,7937,7971,7868,7273,7218,7656,7836,7277,7327,7386,6762,6538,5339,5167,5439,4536,5285,5652,7015,6715,7083,7129,7443,6872,7314,6747,6830,6261,6224,5945,5694,5332,5238,4398,4197,3507,3259,2695,2510,2101,2001,1587,1462,988,938,612,523,322,245,167,114,196
"05","Ávila",386,473,548,596,597,636,631,665,702,734,730,769,766,796,841,869,901,946,871,895,874,983,999,1108,1102,1197,1221,1223,1249,1177,1171,1145,1146,1198,1215,1157,1221,1227,1253,1313,1347,1323,1310,1371,1330,1252,1250,1167,1197,1082,1078,1094,969,958,1002,1046,992,875,991,953,902,820,787,968,656,767,886,1038,1009,1068,1029,1085,1016,1065,957,947,869,844,800,806,722,686,606,493,404,335,288,269,227,186,172,131,122,95,50,37,47,25,21,16,24,397,418,488,592,607,566,625,619,715,688,695,703,727,834,816,804,802,860,864,883,894,915,936,979,1056,1080,1106,1068,1130,1056,1076,1081,1064,1078,1134,1132,1165,1190,1161,1214,1210,1229,1200,1227,1079,1151,1066,970,940,910,849,866,817,861,920,932,834,868,910,895,895,833,819,977,704,778,871,1167,958,1123,1081,1162,1112,1166,1100,1064,1049,1049,1030,1013,931,980,844,750,596,524,497,432,409,360,337,266,234,145,138,100,76,50,49,28,66
"06","Badajoz",2756,3028,3277,3350,3378,3361,3393,3273,3691,3791,3955,4230,4262,4421,4436,4577,4592,4587,4473,4705,4807,4897,4971,5045,5069,5058,5031,5166,5151,5119,5229,5275,5033,5156,5150,5307,5173,5323,5384,5653,5512,5321,5121,5341,4933,4940,4526,4237,3972,3669,3913,3876,3610,3227,3523,3714,3522,3017,3358,3438,3469,2779,2215,3228,2150,2414,2889,3435,3433,3106,3312,3296,3045,2705,2759,2674,2303,2234,1982,1751,1646,1474,1362,1076,842,712,579,464,365,342,263,236,175,145,111,89,52,30,30,14,30,2612,2838,3042,3225,3280,3226,3394,3568,3499,3617,3860,3989,4067,4123,4217,4256,4262,4206,4195,4374,4474,4716,4623,4964,4869,5026,4841,4960,4917,4926,4811,4980,4991,4934,5019,5067,5339,5154,5203,5466,5143,5054,4884,4872,4659,4504,4125,3842,3697,3497,3501,3481,3406,3098,3361,3792,3349,2928,3410,3461,3538,2955,2409,3577,2579,2657,3087,3987,3808,3607,3829,3915,3576,3498,3324,3288,3060,2986,2791,2711,2524,2346,2128,1864,1619,1397,1185,1048,940,835,683,610,493,400,274,190,166,105,64,40,90
"07","Balears, Illes",4664,5222,4959,5089,4789,4883,4865,4757,4777,4775,4798,5121,5211,5139,5086,5126,5115,5230,5468,5644,5999,6454,6955,7617,8254,8639,9059,9631,9784,9814,9856,9911,9608,9341,8938,8813,8794,8584,8566,8675,8055,7500,7427,7754,7210,7038,6784,6489,6222,6146,6039,6246,5718,5524,5537,6019,5426,5308,5278,5015,4858,4314,3870,4388,3310,3320,3552,3790,3489,3521,3486,3305,3040,2986,2699,2515,2517,2331,2016,1930,1811,1574,1514,1299,1003,913,758,717,536,494,368,289,244,142,147,90,55,40,25,8,37,4327,4798,4829,4813,4506,4595,4561,4488,4575,4521,4662,4946,4764,4937,4911,4856,4891,4980,5118,5492,5602,6150,6823,7367,7845,8379,8674,8888,8994,9196,8993,8982,8933,8498,8378,8184,8137,8076,7985,8079,7658,7337,7111,7348,6901,6820,6799,6217,6204,6003,5817,5909,5386,5368,5420,5917,5290,5110,5011,4981,4923,4301,3871,4220,3465,3558,3791,3988,4018,3739,4070,3763,3685,3647,3537,3405,3290,3229,3012,2978,2686,2697,2312,2267,1853,1723,1539,1379,1188,986,865,628,563,430,313,230,181,120,80,47,82
"08","Barcelona",27190,26815,26310,26105,24796,23837,23934,23276,22727,22847,23028,23483,23261,23652,23840,24163,24607,25239,26783,27849,29587,32558,35772,38410,41761,45687,47704,49901,51628,51453,49975,49469,48427,47364,45884,45124,45295,44176,43050,43257,40154,39117,37393,37662,36778,36654,35656,33923,32806,31915,32024,32045,30053,29234,31278,32825,30218,28197,30251,28194,27409,23116,21727,27910,15828,19288,22756,23315,22232,21572,21837,20912,19731,19128,17446,16578,15203,14794,13600,12552,11349,9967,8981,7030,5569,4867,4079,3550,3026,2540,1968,1605,1190,966,636,478,315,209,131,97,158,25274,25402,25015,24793,23617,22039,22467,21560,21467,21624,21891,22375,22009,22092,22341,22797,22950,24157,25524,26933,28660,31411,33684,36588,39136,42687,44807,46146,47319,47017,45901,45404,44452,43693,42208,42009,42359,41400,41066,41374,39306,37983,37513,37695,37634,37552,36547,34511,33881,33073,33409,33381,31588,30703,32674,35011,31616,29908,31802,30100,29108,24614,22996,29089,17163,20911,25074,27510,25927,25252,26382,25977,25212,25254,23284,22915,21860,21970,20503,19700,18303,17527,15686,14376,11780,11050,9428,8525,7529,6750,5662,4701,3792,2933,2198,1573,1186,831,551,352,670
"48","Bizkaia",4809,4770,4793,4650,4539,4381,4354,4170,4160,4086,4286,4420,4331,4495,4570,4806,4995,5513,5699,6015,6356,6825,7488,7892,8476,9231,9668,9890,9810,9744,9654,9793,9719,9371,9359,9249,9438,9354,9480,9803,9312,9160,8830,9087,9273,8783,8917,8180,8040,7709,7615,7649,7153,7350,7540,7704,7161,6863,6983,6823,6459,5716,5345,5876,4293,4664,5135,5633,5725,5806,5836,5659,5367,5130,4805,4589,4194,3858,3446,3080,2705,2372,1980,1668,1344,1067,925,765,643,531,493,364,231,188,99,99,64,37,28,13,30,4476,4585,4364,4359,4226,3974,4090,4062,3852,3988,3983,4140,4219,4214,4439,4646,4853,5108,5320,5675,6149,6619,7071,7569,8121,8790,9010,9460,9509,9303,9041,9196,9264,8990,8952,8920,9056,9256,9415,9629,9511,9130,9138,9256,9377,9108,8982,8517,8179,7923,7872,7796,7264,7618,7735,7943,7274,7175,7613,7224,6923,5929,5746,6407,4789,5264,5952,7070,6493,6710,6867,6991,6469,6494,5908,6037,5603,5458,5231,4831,4435,4172,3699,3397,2762,2496,2273,1957,1727,1631,1355,1128,805,706,513,397,299,208,144,88,133
"09","Burgos",1336,1480,1397,1486,1452,1434,1404,1365,1320,1447,1533,1575,1538,1621,1656,1801,1716,1827,1915,1890,2087,2187,2287,2447,2490,2857,2777,2942,2840,2873,2942,2851,2903,2854,2907,2965,2844,2811,2970,2846,2990,2885,2854,3023,2885,2923,2836,2775,2580,2532,2603,2477,2387,2352,2371,2494,2211,2084,2180,2053,2087,1868,1674,1845,1343,1448,1593,1900,1828,1749,1862,1893,1819,1845,1620,1641,1517,1504,1353,1270,1274,1181,1008,786,575,561,446,412,337,275,228,199,158,122,114,70,42,49,30,13,36,1297,1334,1368,1371,1411,1257,1393,1336,1292,1333,1456,1463,1455,1510,1607,1616,1659,1730,1815,1869,1927,2026,2153,2248,2296,2518,2688,2769,2728,2691,2597,2609,2575,2512,2620,2680,2678,2682,2780,2915,2666,2670,2605,2670,2589,2542,2599,2383,2287,2236,2203,2116,2015,2009,2072,2122,1966,2024,1989,1873,1890,1729,1606,1830,1332,1462,1648,2071,1926,2027,2099,2140,2051,2232,1978,2082,1913,1965,1826,1815,1811,1627,1508,1349,1034,1040,817,783,732,640,599,466,405,307,235,181,139,98,59,41,101
"10","Cáceres",1388,1662,1670,1775,1684,1818,1815,1905,2070,2133,2216,2310,2259,2455,2513,2557,2651,2680,2708,2703,2849,2903,2912,3050,3038,3097,3020,3076,3105,2975,3140,2998,3115,3109,3139,3345,3294,3357,3347,3564,3514,3470,3355,3552,3324,3243,3087,2874,2622,2571,2593,2528,2320,2200,2155,2238,1943,1976,2115,2117,2160,1842,1574,2241,1674,1612,1822,2434,2319,2244,2347,2342,2198,2157,1881,1863,1747,1656,1477,1398,1236,1205,1130,788,662,475,443,363,318,251,249,190,186,109,113,71,72,39,28,17,50,1283,1486,1493,1595,1569,1623,1620,1814,1895,1917,2060,2250,2191,2282,2334,2417,2435,2490,2473,2525,2541,2673,2698,2827,2738,2764,2791,2843,2720,2821,2744,2898,2865,2886,2942,3055,3109,3184,3211,3253,3213,3136,3080,3022,2982,2866,2759,2454,2376,2153,2224,2254,2022,1961,2045,2137,1963,2002,2086,2248,2303,1809,1670,2265,1777,1853,2056,2622,2646,2580,2690,2710,2629,2434,2353,2367,2185,2180,2028,1912,1825,1699,1477,1282,1091,1052,929,672,670,588,519,463,380,304,226,167,146,107,74,53,114
"11","Cádiz",5720,6391,6570,6464,6263,6384,6577,6337,6594,6765,7096,7448,7551,7768,7769,7862,8121,8368,8414,8805,9143,9491,9807,10028,10354,10416,10616,10693,10487,10431,10209,10276,10172,10315,10038,10031,10136,10115,9945,10220,9269,9024,8749,9054,8812,8513,8423,7487,7326,6869,7060,7035,6376,5832,6155,6711,5987,5732,6202,5550,6109,4694,4067,5380,4089,4000,4183,4517,4372,4283,4335,4182,3875,3452,3183,3003,2468,2442,2043,1874,1710,1539,1392,1107,855,694,567,496,362,335,248,193,166,127,79,49,37,34,16,8,18,5402,6165,6176,5727,5943,5879,6037,5914,6193,6219,6637,7127,7014,7316,7421,7547,7630,7768,8071,8509,8666,9084,9220,9639,9839,10134,10309,10274,10296,9982,9814,9808,9676,9984,9881,9955,10102,9605,9803,9843,9295,8786,8644,8601,8638,8423,8445,7359,7324,6689,6971,6743,6313,5853,6224,6644,5937,5882,6204,5795,6096,4777,4359,5653,4686,4429,4687,5093,4964,4768,4912,5195,4639,4525,4077,3825,3570,3593,3105,3047,2789,2620,2223,2091,1649,1503,1302,1125,938,863,700,546,473,370,255,175,144,90,64,51,85
"39","Cantabria",2412,2383,2202,2293,2177,2148,2189,2136,2112,2157,2266,2484,2426,2552,2547,2676,2803,2998,3107,3267,3482,3662,4051,4294,4336,4611,4725,4819,4776,4681,4605,4504,4486,4612,4496,4541,4494,4473,4406,4341,4385,4322,4369,4361,4496,4522,4417,4205,4027,3831,3788,3881,3626,3669,3543,3726,3389,3257,2976,2823,2804,2446,2265,2528,1758,2147,2344,2664,2634,2645,2612,2646,2482,2441,2221,2268,2022,1965,1764,1722,1474,1318,1163,923,726,699,570,512,424,327,268,208,166,120,108,65,34,26,24,5,26,2185,2218,2163,2245,2077,1943,1971,1991,2013,1984,2155,2205,2274,2394,2402,2585,2656,2777,2974,3114,3312,3512,3751,4064,4254,4501,4548,4741,4592,4400,4455,4503,4328,4450,4324,4231,4432,4430,4422,4296,4433,4286,4301,4436,4592,4379,4425,4075,3981,3877,3905,3779,3577,3574,3635,3723,3381,3211,3204,3045,2860,2605,2428,2670,2053,2271,2657,2996,2883,3017,3153,3240,2932,3103,2962,2980,2675,2679,2609,2425,2362,2148,1908,1771,1487,1481,1276,1193,985,995,789,638,496,414,285,237,165,115,76,51,116
"12","Castellón/Castelló",2600,2675,2519,2429,2472,2476,2530,2320,2545,2488,2559,2615,2596,2567,2698,2663,2816,2897,3007,3256,3319,3635,4045,4338,4586,4936,5060,5303,5078,5011,4989,4811,4906,4797,4640,4867,4858,4558,4546,4342,4335,4160,4014,4053,3946,3931,3703,3424,3278,3229,3072,3254,2937,2930,3064,3251,2939,2799,2890,2705,2709,2330,2283,2911,1573,1984,2326,2428,2334,2313,2419,2315,2136,2176,1890,1867,1681,1717,1554,1481,1364,1312,1108,866,694,614,429,395,367,305,260,181,149,93,79,64,45,28,22,7,23,2458,2592,2404,2381,2395,2401,2367,2256,2373,2381,2443,2482,2510,2586,2595,2658,2663,2637,2686,2944,3210,3423,3624,4179,4417,4558,4589,4585,4641,4671,4454,4347,4224,4261,4337,4381,4407,4159,4065,4094,3979,3900,3805,4014,3729,3589,3505,3159,3393,3072,3050,3166,3037,2881,3009,3184,2767,2802,2834,2789,2861,2408,2369,3044,1659,2128,2574,2489,2506,2576,2758,2563,2428,2565,2444,2349,2165,2234,2114,1895,1914,1943,1641,1470,1239,1124,941,836,762,643,474,447,312,268,182,135,92,59,40,33,60
"13","Ciudad Real",1952,2095,2225,2430,2413,2491,2453,2493,2719,2882,2935,2995,3066,3101,3126,3141,3096,3225,3173,3401,3451,3624,3744,3897,3888,3997,3972,3875,3972,3851,3887,3784,3679,3851,3824,3981,3949,3976,4053,4191,4005,3730,3846,3916,3805,3675,3394,3044,2790,2639,2712,2742,2478,2463,2479,2655,2387,2095,2283,2287,2426,1869,1597,2723,1308,1828,2384,2300,2281,2279,2447,2478,2335,2487,2330,2178,1990,2030,1693,1490,1515,1438,1201,929,735,590,496,425,357,308,267,219,132,95,87,57,54,12,16,11,18,1838,1906,2127,2193,2377,2361,2360,2355,2542,2645,2735,2905,2905,2926,3122,2962,3004,2962,3050,3089,3243,3285,3411,3445,3581,3593,3524,3716,3565,3634,3571,3639,3526,3648,3781,3742,3837,3678,3804,3990,3733,3529,3754,3725,3624,3343,3257,2956,2620,2563,2646,2694,2349,2469,2583,2802,2494,2197,2509,2489,2513,2144,1758,3134,1634,2258,2637,2801,2750,2776,2955,2838,2747,2990,2751,2636,2482,2438,2250,2159,2099,2018,1759,1673,1171,1203,1044,878,773,679,547,459,380,289,206,148,113,68,59,31,55
"14","Córdoba",3949,3890,3952,4035,4032,4202,4079,4174,4319,4559,4744,4982,4930,5103,5128,5185,5021,5148,5181,5546,5488,5717,5937,6118,6228,6340,6281,6315,6363,6107,5915,6019,5990,6000,6203,6243,6460,6334,6294,6675,6343,5936,5882,5907,5799,5683,5391,4916,4671,4492,4644,4421,3931,3389,3969,4297,3885,3287,3845,3756,3868,3215,2839,3624,2605,2850,3175,3547,3502,3279,3736,3372,3362,3256,3081,2884,2615,2449,2299,2070,1853,1602,1465,1226,939,775,613,483,442,375,288,253,188,158,101,61,53,26,19,12,23,3697,3661,3893,3752,3725,3814,3904,3934,3939,4247,4485,4710,4645,4874,4802,4729,4864,4973,5017,5246,5236,5540,5547,5772,5826,6010,6060,6110,5922,5958,5785,5946,5912,6054,6105,6116,6481,6258,6217,6635,6294,5905,5860,5789,5578,5607,5289,4988,4731,4503,4523,4286,3943,3372,4114,4590,4019,3518,4252,4084,4053,3585,3187,4148,3116,3414,3544,4236,4085,3941,4441,4147,4067,3959,3898,3848,3491,3483,3176,2988,2849,2631,2372,2159,1758,1604,1383,1135,1088,931,719,648,522,427,314,196,159,105,85,31,88
"15","Coruña, A",3968,3874,4133,4262,4000,4133,4137,3969,4106,4171,4607,4799,4884,4905,5181,5301,5616,5716,6134,6625,6924,7594,8087,8537,8733,9333,9486,9484,9437,9178,9092,9074,8838,8656,8601,8679,8518,8249,8274,8476,8249,8114,8075,8333,8179,7956,7911,7606,7454,7324,7212,7380,6749,7066,7218,7537,6838,7077,7076,6746,6802,5901,5618,5906,4387,4684,5387,6348,6250,5975,5898,5838,5259,5048,4547,4449,4006,3628,3243,2961,2758,2681,2204,2075,1515,1406,1194,1101,854,716,538,453,348,269,173,147,88,54,45,18,121,3695,3772,3982,3930,3829,3754,3801,3852,3952,4041,4464,4456,4513,4714,4860,5093,5339,5465,5801,6376,6750,7299,7747,8188,8414,9233,9036,9413,9510,9025,8974,8845,8952,8765,8871,8943,8730,8879,8593,8624,8482,8203,8224,8374,8355,8225,8254,7913,7440,7367,7450,7542,7044,7167,7560,7967,7099,7591,7552,7233,7312,6381,5999,6580,4951,5290,6323,7452,7281,7509,7352,7230,6581,6586,6327,6104,5596,5323,4937,4830,4643,4628,3890,4044,3299,3089,2678,2347,2137,1763,1453,1304,956,811,586,425,294,226,152,121,268
"16","Cuenca",575,825,826,868,908,815,898,880,921,949,984,1120,1079,1103,1110,1091,1150,1107,1110,1219,1257,1297,1407,1444,1426,1544,1581,1604,1564,1549,1560,1527,1490,1591,1630,1688,1638,1648,1605,1717,1648,1643,1651,1697,1612,1546,1373,1247,1166,1117,1089,1146,1017,1020,1081,1126,994,892,987,1059,968,857,875,1398,598,967,1169,1232,1238,1225,1402,1269,1287,1309,1239,1212,1104,1038,894,855,845,792,709,490,381,393,292,278,246,219,195,136,110,85,70,50,28,25,14,12,25,557,782,735,827,859,899,819,872,960,904,993,1019,1082,1058,1061,1060,1061,1093,1093,1055,1122,1162,1237,1297,1208,1327,1289,1359,1333,1378,1317,1343,1335,1373,1395,1459,1480,1450,1472,1507,1562,1494,1449,1511,1336,1263,1288,1066,1051,968,973,1056,935,1025,995,1038,941,948,976,992,1097,1001,1003,1595,735,950,1299,1371,1391,1379,1519,1327,1285,1420,1364,1364,1278,1193,1067,1096,1032,1040,977,829,642,632,511,435,433,371,334,270,207,179,143,101,74,48,38,18,52
"20","Gipuzkoa",3509,3199,3295,3217,3101,3024,3111,2904,2886,2738,2821,2839,2830,2695,2848,2844,3036,3223,3343,3475,3719,4137,4320,4589,4986,5449,5835,6196,6131,6209,6157,6164,5974,5818,5742,5742,5782,5807,5685,5787,5631,5337,5438,5329,5407,5315,5129,5162,4817,4564,4824,4736,4529,4572,4779,4975,4561,4599,4566,4253,4062,3406,3220,3614,2701,2908,3084,3418,3269,3257,3278,3200,3011,2875,2642,2475,2221,2179,1866,1723,1616,1434,1262,1010,742,672,542,482,357,329,270,223,165,109,79,55,33,33,16,10,14,3269,3190,3050,3036,2988,2845,2799,2810,2627,2555,2655,2656,2615,2734,2728,2802,2769,3033,3127,3286,3484,3808,4172,4317,4698,5081,5477,5703,5620,5709,5567,5552,5492,5369,5380,5278,5454,5472,5526,5711,5449,5360,5299,5418,5399,5249,5065,4924,4824,4715,4715,4711,4610,4541,4701,4858,4640,4542,4757,4361,4267,3541,3430,3699,2870,3026,3418,3893,3732,3886,3870,3828,3514,3599,3375,3432,3169,3167,2863,2873,2633,2427,2194,2039,1656,1593,1461,1260,1147,1026,859,657,534,410,328,231,163,109,90,45,65
"17","Girona",3383,3342,3258,3329,3203,3164,3215,3067,3041,3117,3189,3215,3214,3230,3146,3165,3255,3299,3445,3568,3722,4057,4423,4898,5288,5669,5783,5844,5924,5860,5839,5826,5677,5776,5617,5550,5519,5685,5646,5683,5266,5239,5143,5171,5004,4986,4755,4462,4562,4370,4187,4179,3887,3751,3726,4030,3650,3417,3502,3248,3237,2781,2642,3212,1794,2153,2764,2982,2752,2735,2813,2764,2616,2528,2345,2289,2114,2015,1841,1824,1644,1448,1373,1063,765,722,637,531,447,369,337,236,193,150,110,85,38,30,15,14,24,3138,3059,3209,3230,3019,2960,2969,2947,2870,2966,2925,3151,3033,3004,3038,3073,3042,3041,3233,3345,3618,3888,4103,4732,4847,5122,5277,5370,5323,5325,5277,5229,5118,5056,5116,4981,5122,5008,5035,5198,4959,4936,4672,4865,4759,4603,4569,4288,4141,4055,3866,3911,3759,3741,3570,3884,3599,3319,3329,3199,3083,2754,2698,3233,1810,2301,2899,3152,3016,3029,3075,3118,2985,3097,2793,2748,2618,2755,2502,2360,2242,2163,2052,1836,1491,1348,1194,1038,929,861,713,553,432,370,266,174,141,86,55,49,60
"18","Granada",3082,3557,3944,3915,3627,4057,4274,4451,4784,4744,5038,5283,5427,5542,5561,5388,5623,5637,5778,5974,6133,6287,6550,7143,6923,7506,7189,7292,7264,7140,6982,6876,6747,6773,6783,7062,6921,7020,7135,7153,6759,6453,6274,6407,6160,6226,5890,5386,5073,4730,4769,4663,4277,4161,4330,4349,3999,3979,4359,3883,4023,3476,3238,4103,2788,3118,3550,3960,3864,3688,3998,3890,3673,3479,3084,3012,2698,2524,2339,2078,1911,1666,1368,1165,920,760,629,542,482,364,308,246,199,152,94,70,41,27,33,17,203,2886,3106,3473,3395,3317,3824,4052,4225,4656,4538,4792,5048,5048,5168,5285,5194,5335,5335,5519,5725,5856,6174,6425,6730,6856,6884,6908,6972,6886,6822,6794,6522,6616,6500,6637,6775,7055,6905,7014,7179,6648,6512,6315,6431,6118,6184,5725,5316,4987,4942,4856,4630,4381,4291,4441,4791,4399,4073,4638,4215,4335,3731,3509,4526,3186,3522,4098,4627,4395,4327,4571,4445,4254,4355,3994,3783,3614,3380,3171,3111,2754,2682,2167,1985,1598,1436,1348,1067,956,807,708,557,454,380,249,185,137,102,79,55,251
"19","Guadalajara",1021,1063,972,1030,937,869,920,984,952,981,975,1001,1008,977,949,1100,1056,1109,1023,1113,1235,1180,1323,1422,1431,1590,1612,1638,1769,1759,1787,1790,1788,1761,1736,1782,1874,1860,1830,1832,1744,1708,1669,1616,1581,1543,1515,1370,1310,1197,1205,1165,1040,1033,1045,1095,979,898,985,948,878,721,693,873,488,662,798,871,893,878,939,967,851,849,833,871,825,748,672,675,685,538,495,437,293,273,239,226,216,171,166,107,97,67,62,53,39,23,19,14,21,940,957,1002,945,841,924,917,909,928,912,923,1046,930,920,949,971,943,956,974,965,1112,1174,1210,1257,1407,1441,1498,1633,1573,1560,1601,1610,1576,1609,1583,1608,1609,1601,1626,1596,1559,1548,1426,1449,1418,1363,1277,1230,1206,1121,1021,1064,910,1010,956,923,896,849,835,803,834,694,647,953,559,678,876,920,920,913,951,1037,931,952,915,899,845,869,854,800,769,727,644,589,504,450,420,388,332,314,253,215,182,147,131,80,65,51,35,26,33
"21","Huelva",2069,2334,2525,2408,2432,2350,2545,2520,2696,2634,2858,3057,2904,3014,2994,3128,3043,3123,3316,3404,3486,3673,3767,4204,4211,4480,4371,4493,4462,4276,4236,4202,4203,4140,4172,4247,4151,4020,3833,3935,3767,3545,3432,3558,3449,3569,3344,2881,2947,2743,2776,2785,2639,2529,2615,2781,2569,2222,2493,2465,2461,1878,1709,2217,1687,1562,1735,2033,1951,1888,2139,1985,1780,1662,1578,1443,1321,1242,1117,1008,955,813,811,603,504,395,332,292,203,208,144,120,104,68,48,37,27,16,11,8,26,2016,2244,2398,2359,2275,2369,2279,2375,2513,2521,2667,2678,2781,2847,2961,2862,2952,3071,3110,3218,3397,3673,3715,3876,3934,4071,4046,4228,4093,4091,3989,3954,3879,3859,3939,3803,3972,3845,3687,3818,3642,3412,3425,3409,3310,3290,3250,2885,2861,2622,2544,2648,2446,2352,2444,2776,2534,2170,2573,2379,2514,1966,1756,2496,1863,1708,1919,2384,2333,2181,2522,2370,2191,2052,2046,1978,1709,1721,1529,1534,1490,1399,1256,1188,932,874,793,628,545,521,454,346,265,203,145,118,84,71,47,26,67
"22","Huesca",788,836,847,837,853,881,871,865,925,919,863,939,931,927,959,1001,955,1027,1112,1143,1181,1284,1350,1477,1596,1671,1785,1705,1746,1786,1699,1764,1700,1749,1745,1632,1737,1794,1762,1810,1761,1756,1716,1623,1695,1698,1592,1521,1516,1386,1443,1370,1237,1257,1319,1322,1206,1267,1203,1151,1168,963,967,981,690,914,1122,1198,1241,1248,1232,1225,1243,1196,1150,1120,1088,1044,1026,1008,893,760,741,585,445,390,327,292,262,226,181,149,101,97,45,52,32,28,13,9,18,716,784,874,830,881,797,864,858,806,852,795,934,895,849,842,878,957,1014,959,1041,1056,1192,1245,1328,1363,1484,1495,1548,1515,1446,1526,1495,1441,1476,1529,1553,1550,1492,1607,1574,1637,1565,1488,1558,1539,1410,1463,1371,1322,1290,1251,1258,1150,1069,1199,1290,1079,1118,1211,1165,1164,1013,906,1048,752,889,1110,1283,1210,1224,1327,1360,1260,1358,1298,1331,1231,1203,1136,1158,1074,1072,934,924,703,636,566,522,497,461,351,308,222,175,120,107,72,52,49,28,32
"23","Jaén",2950,3269,3211,3353,3579,3566,3546,3658,3958,4116,4389,4414,4493,4417,4601,4482,4398,4584,4435,4680,4639,4831,4948,5284,5184,5164,5035,5195,5242,4959,5013,4999,4923,5205,5072,5131,5384,5071,5501,5650,5424,4995,5040,5227,4724,4826,4485,4324,3812,3519,3734,3663,3053,2828,3159,3484,2955,2567,2966,2759,2918,2495,2215,3421,1912,2480,3297,3127,3114,3161,3344,3177,3053,3123,2925,2744,2367,2283,2034,1856,1706,1476,1241,997,773,679,557,459,407,323,274,204,177,140,82,76,41,35,25,15,71,2780,2987,2990,3161,3195,3208,3289,3435,3844,3796,4149,4415,4128,4225,4361,4080,4216,4352,4339,4437,4553,4608,4559,4878,4751,4831,4707,4811,4695,4760,4630,4752,4549,4735,4874,5096,5178,4974,5294,5560,5133,4896,4828,5009,4490,4603,4180,3949,3655,3404,3634,3455,2866,2851,3300,3576,3099,2682,3251,3110,3242,2895,2651,3976,2219,2984,3561,3666,3610,3582,3772,3563,3533,3635,3446,3354,2971,2945,2658,2531,2146,2179,1911,1729,1348,1261,1078,899,765,672,604,521,388,332,222,155,111,97,56,37,123
"24","León",1101,1410,1553,1546,1515,1748,1777,1664,1758,1799,1918,2124,2144,2129,2293,2293,2459,2591,2864,2964,2959,3169,3253,3385,3445,3598,3567,3626,3461,3511,3507,3570,3575,3429,3561,3589,3648,3693,3786,3786,3853,3848,3876,3904,3855,3854,3719,3714,3491,3309,3187,3152,2905,2987,2864,2984,2662,2690,2715,2571,2654,2382,2391,2544,1983,2112,2487,3082,2908,3087,3098,3191,3016,2807,2582,2722,2408,2448,2184,2024,1937,1781,1559,1267,958,818,718,614,555,427,388,290,243,220,149,104,79,59,37,27,94,1053,1357,1413,1462,1445,1531,1653,1617,1635,1709,1762,1938,1985,2120,2169,2248,2371,2564,2543,2806,2899,3045,3061,3257,3295,3440,3472,3455,3445,3465,3331,3278,3415,3415,3566,3511,3544,3651,3693,3931,3728,3798,3739,3763,3754,3521,3643,3387,3227,2998,2913,2813,2838,2769,2823,2947,2657,2739,2918,2724,2780,2552,2502,2897,2165,2408,2817,3612,3554,3481,3482,3744,3498,3412,3313,3417,3201,3128,2902,2798,2769,2552,2270,2044,1632,1593,1388,1199,1155,965,894,723,565,477,342,264,192,117,84,65,176
"25","Lleida",1789,1785,1814,1742,1733,1707,1688,1741,1743,1695,1721,1775,1816,1827,1781,1899,1807,1869,2027,2149,2202,2386,2659,2775,3023,3251,3478,3494,3555,3436,3468,3422,3285,3341,3312,3249,3405,3347,3308,3383,3227,3285,3289,3041,3086,2964,2906,2689,2599,2556,2545,2509,2288,2284,2209,2331,2112,2012,2087,2003,1915,1763,1578,1776,999,1383,1737,1897,1830,1905,1937,1836,1832,1919,1822,1693,1645,1594,1546,1376,1268,1262,1075,849,721,610,485,435,414,319,297,208,154,133,72,65,40,28,20,12,19,1641,1620,1705,1705,1639,1641,1659,1576,1577,1640,1638,1697,1666,1724,1788,1759,1721,1765,1856,1941,2098,2286,2449,2657,2892,2957,3024,3143,3045,3083,3005,2973,2762,2938,2820,2846,2825,2852,2959,3044,2895,2848,2942,2854,2749,2611,2612,2384,2381,2254,2286,2321,2055,2165,2196,2312,2116,2029,2078,1992,1976,1775,1704,2000,1070,1519,1831,2168,2070,2187,2146,2203,2072,2185,2017,2075,1937,1934,1878,1734,1675,1684,1370,1430,1109,1100,945,781,721,605,492,435,301,285,190,126,97,74,44,19,54
"27","Lugo",921,999,984,1062,1022,1075,1065,1020,1136,1176,1333,1363,1399,1510,1636,1578,1670,1759,1841,1950,2004,2121,2259,2440,2401,2528,2502,2379,2402,2429,2378,2309,2285,2331,2392,2445,2503,2497,2465,2564,2517,2596,2674,2717,2609,2553,2530,2510,2470,2392,2347,2341,2127,2200,2192,2215,2001,2043,2167,2080,2115,1936,1884,2005,1534,1712,2034,2527,2373,2429,2412,2481,2262,2175,2114,2161,1992,1861,1769,1610,1626,1455,1240,1117,857,848,711,638,523,399,382,307,221,192,170,116,69,46,26,26,43,914,888,937,1056,948,1024,991,999,1094,1154,1270,1285,1344,1453,1468,1556,1613,1668,1809,1968,2036,1995,2171,2356,2417,2399,2289,2541,2469,2388,2320,2344,2361,2379,2520,2442,2451,2574,2459,2543,2423,2510,2568,2507,2491,2467,2341,2302,2170,2161,2160,2089,1932,1983,2039,2091,2056,2151,2194,2069,2171,2141,2096,2340,1748,1883,2316,2793,2784,2798,2824,2820,2676,2769,2500,2655,2453,2406,2401,2240,2209,2093,1802,1811,1506,1445,1235,1178,961,854,728,617,481,385,318,173,148,99,55,45,86
"28","Madrid",24054,27014,28139,28981,26617,27056,27762,26981,26967,27423,27876,28687,28000,28158,29177,29420,30151,30955,32882,34690,36589,40209,43319,45787,49126,52902,55451,58162,58883,59045,57820,57315,56277,54919,54071,53201,52693,51080,50587,50171,47862,46125,44007,43730,42063,41077,40219,37398,36283,34057,34551,34074,32486,32283,33250,34985,31828,29545,31135,29847,29176,24688,22537,28437,17176,20197,21505,22675,21609,21281,21362,20500,19243,18479,17408,16093,14316,13779,12164,11419,10463,9300,8081,6731,5234,4451,3940,3377,3070,2441,2105,1687,1335,980,763,493,352,225,170,96,222,22716,25376,26903,27250,25046,25500,26274,25992,25434,25641,26579,27383,26766,26893,27617,27743,28513,29601,31362,33685,35661,39471,42442,45194,48536,52033,53730,56949,57040,57719,55964,55496,55454,53542,52741,52466,52203,50851,50895,51070,48883,47189,45728,45734,44558,43953,43498,40761,39725,38245,38109,37846,35789,35464,37287,39180,35228,33178,34903,33832,32296,27322,24464,31707,20340,23633,25684,28087,26285,26289,26953,26016,24710,24813,23718,23419,21289,20791,19384,18445,17509,17134,14882,13631,11205,10575,9716,8400,7665,6853,5901,4789,3810,3022,2312,1731,1306,946,679,416,919
"29","Málaga",6586,7385,7748,7732,7538,6628,7087,7190,7488,7505,8062,8413,8313,8510,8658,8568,8790,8853,9302,9552,10016,10510,10671,11458,11495,11904,12237,12226,12423,12290,12315,12263,12087,12018,11825,11779,12030,11806,11651,11995,11341,10786,10474,10570,10060,9942,9629,8808,8849,8158,8186,8163,7561,7251,7818,8239,7831,7288,7822,7159,7207,6358,5582,6841,5191,5392,6028,6096,5808,5436,5466,5481,5059,4870,4443,4033,3543,3336,3127,2769,2589,2290,1880,1657,1215,1049,878,752,680,525,473,332,321,201,147,104,75,48,37,23,58,6157,6772,7299,7191,7067,7197,7307,7147,7249,7253,7539,8101,7886,8010,8259,8083,8350,8508,8772,9201,9508,9915,10395,10936,10934,11610,11652,11983,12148,11950,12009,12162,11862,11792,11801,11795,12092,11847,11874,12063,11679,11049,10378,10562,10476,10016,9791,9066,8894,8722,8450,8469,7836,7303,7872,8472,7840,7525,7960,7276,7740,6703,5754,7241,5660,5889,6751,6791,6445,6228,6236,6316,5917,5915,5453,5232,4743,4760,4442,4067,3804,3713,3060,2898,2240,2056,1779,1503,1402,1222,987,801,622,530,380,304,240,133,143,88,183
"30","Murcia",7717,7944,7911,7776,7349,7392,7334,7319,7272,7213,7674,7901,7791,7996,8111,8038,8014,8123,8389,8818,9525,10237,11304,12128,12541,13231,13200,13262,13180,13113,12847,12488,12328,12318,12071,11942,11969,11620,11422,11190,10687,9817,9542,9508,9389,8930,8714,7584,7466,7005,7086,6940,6484,6172,6212,6632,5985,5668,6167,5390,5173,4606,4502,5855,3767,4936,5006,5064,4935,5005,4928,4745,4574,4517,4007,4051,3400,3474,3088,2943,2355,2206,1878,1491,1197,1024,844,652,630,437,371,303,220,145,123,88,45,36,17,8,35,7141,7419,7587,7348,7007,6954,7022,6803,6885,6694,7142,7351,7417,7607,7508,7432,7546,7511,7972,8237,8812,9684,10181,10674,10951,11469,11453,11627,11471,11461,11175,11262,10867,10958,10848,10871,10927,10806,10436,10552,9936,9116,9232,9293,8956,8774,8464,7377,7295,6897,6892,6840,6641,6387,6370,6791,6148,6092,6548,5890,5494,4922,4887,6582,4070,5641,5477,5756,5610,5640,5818,5578,5299,5634,5073,5071,4528,4660,4322,4074,3413,3588,2909,2400,2164,1875,1663,1457,1262,1072,837,748,554,487,336,229,170,137,67,43,83
"31","Navarra",2915,2950,2986,2855,2852,2839,2803,2736,2708,2667,2686,2694,2840,2663,2767,2861,2745,2976,3013,3274,3425,3755,3953,4284,4487,4850,5166,5367,5365,5389,5196,5367,5363,5298,5364,5171,5176,5012,5049,5073,4963,4716,4684,4521,4483,4357,4294,4097,3991,3759,3833,3757,3599,3458,3667,3715,3465,3364,3535,3157,3209,2901,2651,2765,2127,2114,2288,2759,2664,2476,2617,2533,2309,2515,2212,2206,1995,1921,1800,1661,1593,1399,1267,1098,780,737,604,451,454,375,314,245,175,150,103,92,46,37,24,11,26,2793,2787,2827,2691,2589,2719,2626,2680,2554,2577,2464,2528,2514,2505,2627,2655,2571,2688,2852,3012,3209,3491,4017,4060,4180,4470,4697,4797,4997,4852,4856,4740,4847,4769,4793,4692,4688,4765,4587,4734,4493,4415,4364,4292,4191,4073,4193,4020,3707,3583,3631,3624,3451,3427,3516,3740,3478,3320,3485,3126,3203,2777,2643,2840,2252,2310,2435,2888,2902,2830,2843,2914,2782,2877,2703,2773,2588,2586,2503,2332,2249,2252,1985,1882,1483,1466,1277,1184,1018,873,761,654,508,399,302,226,174,115,93,66,98
"32","Ourense",1023,913,927,994,992,966,1071,1119,1183,1174,1304,1345,1320,1410,1467,1485,1501,1576,1742,1891,1943,2005,2140,2184,2348,2376,2355,2391,2308,2318,2215,2198,2181,2287,2211,2325,2381,2183,2198,2222,2124,2183,2356,2364,2254,2265,2228,2146,2059,2156,2060,2051,1877,2062,2142,2155,2009,2165,2306,2036,2120,1950,1885,2030,1550,1595,1899,2456,2411,2378,2391,2487,2072,2148,1950,1986,1884,1671,1567,1490,1491,1439,1143,1064,828,776,644,550,479,424,304,292,215,167,130,87,59,42,24,20,31,899,851,902,894,932,969,986,1011,1058,1082,1218,1196,1252,1332,1450,1442,1450,1575,1628,1688,1901,1800,2062,2220,2253,2304,2360,2451,2403,2293,2231,2187,2211,2178,2260,2311,2317,2257,2198,2205,2273,2190,2309,2405,2292,2210,2193,2082,1898,1996,2046,2108,1958,2070,2115,2133,2065,2220,2340,2244,2356,2130,2142,2314,1782,1807,2218,2732,2679,2784,2793,2823,2497,2548,2468,2469,2356,2205,2153,2121,2114,2195,1731,1700,1391,1384,1251,1158,1028,906,758,665,487,387,304,243,159,126,66,54,111
"34","Palencia",535,585,584,576,572,548,616,650,665,698,708,787,770,790,851,882,911,950,1019,1090,1078,1088,1184,1215,1270,1321,1295,1181,1227,1273,1195,1214,1196,1274,1317,1324,1355,1338,1389,1443,1427,1375,1399,1437,1489,1451,1483,1442,1433,1301,1283,1293,1163,1170,1050,1191,1053,918,970,946,973,805,820,870,651,649,757,931,915,901,896,959,906,877,860,878,821,860,675,677,660,527,517,411,301,230,226,216,178,132,129,99,94,57,54,24,17,13,10,5,10,522,551,548,560,544,545,617,691,663,654,696,705,756,813,796,793,888,924,953,1038,961,1058,1154,1192,1197,1232,1176,1253,1222,1152,1166,1117,1182,1165,1205,1199,1273,1265,1336,1374,1287,1339,1363,1408,1348,1332,1377,1284,1175,1079,1121,1068,954,984,1051,987,877,859,915,955,973,905,755,816,647,689,835,1078,1017,1081,1056,1147,1093,1244,1064,1115,1092,1104,973,980,970,917,840,649,577,587,467,468,415,346,309,279,206,148,142,84,57,50,36,16,35
"35","Palmas, Las",4614,5362,5694,5688,5364,5334,4844,4824,5307,5403,5589,5859,5827,5893,6158,6362,6142,6249,6184,6577,6887,7450,7975,8456,8692,9148,9356,9691,10042,10391,10521,11001,10739,10634,10374,10145,10023,9684,9773,9932,9305,8933,8315,8049,7421,7188,7089,6869,6563,6074,5940,6151,5654,5498,5276,5093,4875,4661,4937,4528,4180,4262,3615,3859,2981,3207,3330,3609,3476,3378,3320,3181,2733,2533,2241,2127,1773,1766,1464,1390,1237,1058,961,717,584,556,519,409,413,343,245,216,157,95,107,61,49,28,21,15,42,4300,5077,5416,5151,5168,4910,5533,5669,5207,5039,5244,5473,5465,5504,5713,6059,5853,5907,6061,6280,6708,7108,7659,8155,8534,8861,8850,9134,9246,9594,9982,9925,10018,9731,9609,9194,9311,9060,9159,9111,8487,8186,7875,7598,6894,6828,6438,6211,6101,5819,5747,5720,5386,5163,5096,4914,4751,4749,4862,4362,4087,4218,3605,4034,3117,3287,3614,4006,3728,3723,3698,3695,3296,3049,2838,2673,2475,2151,2024,2027,1717,1723,1428,1306,1030,979,946,804,760,712,528,413,329,284,194,184,128,101,60,43,84
"36","Pontevedra",3825,3768,3930,3893,3809,3589,3799,3852,3943,4142,4417,4523,4571,4709,4882,5007,5157,5221,5540,5867,6311,6635,7186,7529,7802,8226,8484,8522,8360,8353,7784,7923,7661,7631,7619,7648,7540,7290,7011,6912,6603,6603,6587,6963,6592,6452,6273,6124,5947,5748,5899,5913,5365,5718,6023,6099,5182,5584,5774,5397,5043,4339,4199,4665,3182,3347,4056,4548,4526,4356,4126,4207,3750,3681,3313,3099,2877,2567,2304,2118,2044,1759,1542,1352,1126,1036,865,700,601,488,408,310,217,195,131,75,78,31,28,16,90,3436,3451,3574,3596,3555,3266,3553,3666,3669,3847,4093,4364,4349,4429,4757,4757,4817,5033,5294,5663,6021,6251,6794,7408,7780,8213,8280,8459,8309,7832,7674,7929,7542,7703,7513,7469,7430,7167,7195,7032,6816,6879,6912,7084,6674,6761,6556,6642,6263,6216,6042,6088,5591,5751,6138,6228,5450,6038,6067,5670,5335,4643,4554,5038,3772,4088,4753,5519,5407,5410,5419,5415,4910,4934,4484,4483,4042,3868,3911,3674,3521,3289,2892,2835,2387,2399,1995,1869,1608,1263,1149,1009,717,600,441,345,237,189,114,84,181
"26","Rioja, La",1367,1281,1291,1277,1288,1262,1230,1178,1183,1246,1295,1274,1333,1370,1444,1403,1443,1476,1631,1643,1743,1979,2064,2296,2385,2629,2562,2674,2742,2633,2711,2668,2524,2613,2654,2537,2465,2428,2421,2463,2351,2365,2338,2494,2382,2184,2344,2148,1976,1970,1920,1855,1774,1829,1824,1826,1672,1659,1650,1597,1584,1437,1351,1510,981,1030,1140,1463,1418,1434,1462,1443,1302,1371,1243,1196,1099,1064,1005,920,890,774,752,560,472,354,307,290,230,185,153,150,107,78,55,56,27,22,10,8,17,1339,1256,1219,1219,1222,1198,1210,1200,1179,1252,1187,1242,1241,1346,1305,1401,1336,1380,1532,1540,1677,1788,1871,2053,2194,2320,2420,2478,2416,2345,2310,2380,2295,2224,2256,2238,2347,2254,2276,2314,2210,2218,2255,2211,2250,2092,2112,1998,1938,1792,1766,1760,1701,1578,1694,1735,1627,1565,1678,1508,1565,1317,1367,1523,1056,1087,1276,1575,1586,1575,1593,1620,1480,1637,1436,1421,1372,1429,1373,1328,1211,1203,1072,962,797,718,595,548,502,482,392,334,262,199,161,105,63,70,31,32,36
"37","Salamanca",1176,1228,1191,1304,1281,1304,1371,1273,1373,1426,1516,1561,1585,1586,1672,1773,1785,1852,2016,2116,2195,2350,2362,2505,2566,2605,2677,2666,2586,2635,2578,2613,2690,2627,2639,2641,2617,2638,2768,2817,2677,2691,2630,2709,2647,2521,2527,2342,2211,2243,2135,2079,1929,1944,1973,2116,1848,1837,2000,1963,1938,1772,1685,1895,1418,1507,1738,2019,2022,1895,1997,1945,1905,1914,1725,1735,1573,1613,1473,1360,1246,1163,1083,850,693,550,505,478,405,340,332,258,228,150,144,105,82,59,38,24,44,1108,1120,1172,1177,1129,1217,1221,1219,1355,1328,1464,1490,1533,1510,1587,1584,1773,1774,1792,1950,2081,2152,2348,2389,2474,2487,2488,2550,2615,2581,2524,2589,2626,2615,2611,2596,2699,2670,2762,2774,2643,2595,2524,2675,2460,2516,2413,2263,2205,2052,2048,1980,1895,2014,2062,2143,1912,1982,2177,2022,2103,1801,1807,2073,1573,1688,1943,2311,2227,2191,2281,2273,2253,2296,2160,2171,1963,1969,1983,1876,1853,1671,1511,1392,1190,1099,940,947,775,756,644,576,436,386,296,209,155,135,96,61,107
"38","Santa Cruz de Tenerife",2813,3931,4457,4572,4646,4487,4386,4665,4849,4867,5054,5299,5128,5429,5619,5415,5568,5571,5679,5958,6227,6634,7182,7578,8059,8032,8509,9089,9107,9166,9230,9352,9217,9149,8760,8504,8684,8569,8546,8519,8164,7792,7487,7530,7034,6695,6613,6307,6120,5770,5674,5395,5311,5431,5110,5054,4791,4713,4942,4785,4598,4477,4031,4475,3111,3447,3535,3923,3846,3724,3579,3416,3080,2853,2596,2404,2230,1955,1801,1606,1505,1299,1202,950,733,694,627,546,436,466,311,274,205,167,119,99,54,51,37,24,83,2596,3567,4162,4377,4425,4167,4286,4333,4599,4656,4927,5027,4808,5285,5377,5389,5463,5481,5474,5793,6131,6813,7200,7693,7916,7988,7986,8446,8709,8833,8856,8806,8419,8674,8457,8199,8309,8341,8396,8289,7779,7789,7426,7309,6790,6520,6367,6215,5996,5867,5580,5281,5297,5101,5056,4877,4845,4839,4996,4785,4809,4644,4081,4584,3459,3744,3818,4472,4306,4272,4043,4056,3641,3499,3226,3165,2752,2665,2384,2390,2186,1992,1736,1621,1295,1238,1137,1031,950,863,686,554,469,404,262,209,173,131,89,53,162
"40","Segovia",632,575,568,619,550,648,689,660,721,727,722,740,785,814,757,770,759,840,886,835,885,942,1001,1037,1124,1099,1142,1208,1221,1157,1198,1209,1215,1178,1260,1201,1279,1303,1291,1347,1331,1240,1308,1219,1301,1160,1182,1099,1041,943,966,946,852,889,840,897,784,770,805,788,801,675,621,797,536,590,703,910,807,879,851,837,817,877,820,763,691,734,619,649,624,510,482,376,284,233,221,196,181,147,133,109,74,55,44,37,21,25,13,8,19,571,537,642,580,557,584,637,645,665,622,677,699,670,670,755,723,684,706,833,804,852,885,915,974,1033,1010,1012,1130,1100,1124,1053,1036,1040,1111,1106,1111,1197,1181,1227,1282,1132,1205,1083,1053,1109,997,1024,966,894,818,788,770,734,733,799,808,697,754,796,753,758,728,704,822,575,668,784,995,909,900,961,940,940,981,910,1002,892,901,778,767,799,760,670,599,474,461,365,347,370,285,308,228,205,162,131,80,67,46,24,22,45
"41","Sevilla",9372,9977,10067,10495,10018,9656,9737,9648,9909,10126,10913,11006,11282,11216,11166,11135,11389,11635,12233,12661,13267,13929,14276,15160,15524,16394,16677,16559,16492,16260,16144,16014,15692,15568,15568,15234,15643,15361,15070,15397,14497,13515,13150,13119,12399,12369,12154,10999,10688,10179,10502,10256,9763,8643,9399,10056,9304,8411,9499,9075,9274,7356,6444,8016,6387,6208,6262,7035,6775,6387,6912,6571,5924,5446,5260,4860,4270,3906,3673,3377,3022,2629,2464,2016,1519,1266,1065,838,745,604,474,352,273,210,131,98,77,55,33,19,53,8786,9400,9608,9600,9270,9122,9403,9118,9323,9824,10211,10482,10358,10440,10504,10569,10746,11144,11474,12127,12607,13229,13726,14634,14853,15622,16027,16212,16022,15959,15610,15662,15356,15230,15124,15258,15408,15015,15173,15358,14494,13527,12950,13151,12525,12511,12313,11038,11116,10328,10573,10547,9956,8814,9850,10415,9813,8869,10001,9496,9825,7994,6937,8714,7029,6982,7109,8731,8249,7772,8514,8129,7576,7630,7362,6899,6049,5959,5748,5570,5087,4910,4121,3964,3094,2844,2441,2126,1835,1707,1305,1025,820,664,506,336,274,180,140,84,165
"42","Soria",335,280,343,361,266,348,353,348,375,387,381,382,386,385,407,418,441,469,475,449,514,507,547,570,574,614,595,654,632,696,637,679,681,666,748,675,767,790,758,789,790,749,742,777,737,718,680,635,570,579,616,519,522,563,536,515,471,546,497,535,530,451,428,493,331,393,440,556,568,542,584,639,579,578,553,575,519,468,427,424,438,412,357,275,224,190,180,136,156,118,114,79,75,59,52,47,23,12,18,9,17,344,259,315,326,262,358,304,349,369,311,393,378,368,401,422,412,444,462,446,443,467,486,522,515,564,578,590,635,617,595,585,629,574,629,640,643,629,645,671,718,620,660,657,642,621,598,555,538,503,444,534,473,441,472,462,444,448,452,447,452,469,419,466,497,396,391,489,589,594,643,631,671,607,657,631,545,590,606,503,550,555,548,456,445,365,321,306,317,278,230,256,193,155,137,85,95,48,31,27,20,31
"43","Tarragona",3511,3471,3461,3484,3170,3244,3218,3109,3137,3183,3158,3395,3327,3304,3417,3487,3517,3533,3800,3961,4132,4620,4854,5315,5649,6112,6434,6439,6342,6410,6048,6316,6050,5903,5960,5874,5833,5832,5607,5711,5374,5361,5089,5237,5025,5082,5026,4511,4611,4313,4430,4422,4085,4030,4141,4364,4113,3875,3843,3534,3584,3067,3017,3726,1955,2475,3074,3182,3108,2953,2997,2893,2743,2685,2554,2487,2293,2128,1952,1854,1728,1572,1447,1168,898,750,679,610,500,404,366,265,200,177,103,71,53,21,20,16,38,3154,3332,3225,3328,3161,3013,3085,2990,3071,3045,3037,3170,3070,3189,3052,3354,3283,3316,3662,3699,3937,4312,4497,5017,5175,5467,5696,5918,5775,5606,5554,5439,5323,5237,5247,5115,5314,5282,5150,5279,5002,5102,4953,4954,4870,4660,4643,4439,4404,4374,4202,4155,4018,3719,4070,4158,3923,3697,3871,3554,3509,3073,2940,3703,1926,2550,3196,3442,3322,3191,3352,3180,3200,3283,3070,2995,2794,2676,2611,2569,2317,2284,2035,1922,1520,1480,1208,1098,899,846,697,632,465,357,265,175,133,88,69,46,75
"44","Teruel",467,460,527,565,497,573,574,566,564,613,670,636,625,700,693,693,714,715,752,749,751,823,882,943,980,1006,1009,1038,1082,1033,1001,1046,1042,1006,1004,1035,1064,1116,1158,1149,1175,1098,1095,1165,1130,1119,1071,995,930,854,925,876,800,775,805,806,732,722,713,769,711,629,604,775,453,573,763,835,880,873,964,941,924,944,942,893,849,833,760,709,661,564,532,442,320,280,241,175,201,158,124,136,80,46,48,48,26,19,15,11,15,456,460,503,536,490,509,578,550,556,613,602,612,636,648,629,702,672,709,671,675,700,771,780,806,814,880,877,832,884,920,855,832,849,868,942,938,995,980,963,1021,997,958,1019,935,917,903,868,812,836,688,783,744,686,703,693,680,684,670,697,735,671,631,614,794,456,578,817,883,954,888,1036,1005,970,993,957,959,877,848,808,840,822,753,666,599,537,472,367,324,340,301,263,232,181,126,105,59,63,41,35,23,50
"45","Toledo",2468,2667,2942,2993,2982,3031,2939,2999,3106,3113,3316,3451,3394,3415,3632,3552,3519,3562,3582,3837,3770,4107,4395,4532,4557,4880,4819,5086,4911,4887,4862,4775,4831,4981,4860,4881,4829,4723,4705,4904,4699,4588,4404,4583,4345,4262,4171,3839,3618,3420,3398,3388,3015,3154,3084,3241,2948,2660,2793,2729,2767,2387,1904,2956,1495,2076,2560,2731,2624,2776,2863,2807,2663,2630,2478,2416,2294,2220,1891,1811,1774,1674,1423,1075,827,742,618,550,449,397,308,267,235,147,147,82,63,45,39,12,38,2326,2450,2752,2731,2834,2765,2826,2788,2937,2986,3135,3335,3137,3166,3355,3281,3321,3469,3427,3594,3538,3773,3858,4217,4174,4486,4341,4600,4564,4504,4532,4589,4416,4509,4637,4716,4478,4484,4470,4565,4386,4272,4120,4189,4095,3885,3778,3469,3263,3078,3004,3156,2840,2783,3011,3123,2849,2620,2786,2802,2916,2481,2007,3149,1746,2279,2818,3067,2870,2891,3088,3055,2944,3062,2977,2900,2656,2676,2468,2413,2225,2207,1909,1641,1296,1313,1143,1082,943,791,692,644,474,352,265,216,135,97,68,49,85
"46","Valencia/València",10929,11508,11335,11392,11093,10689,10772,11007,11034,11167,11853,12078,11707,12034,12134,12462,12563,12816,13464,14329,14771,16359,17609,18796,20159,21752,22358,22523,22727,22183,21763,21824,21396,21302,20845,20718,20826,20354,19998,20188,19313,18270,17822,18118,18081,17119,16856,15487,15315,14316,14330,14867,13616,13408,13546,14297,12866,12466,12654,11907,12048,10578,9978,13293,7395,9438,10627,10265,10083,9847,10066,9428,8982,8893,8256,7698,6831,6905,6137,5519,5069,4587,3934,3119,2467,2116,1759,1451,1306,1110,887,718,499,422,276,186,123,83,70,32,193,10426,10486,10794,10937,10585,10141,10262,10172,10442,10473,10924,11382,11224,11514,11439,11487,11514,12284,12889,13729,14120,15569,16551,18012,19091,20244,20686,20893,20684,20993,19921,19909,19922,19539,19451,19290,19648,19206,19173,19344,18323,18107,17770,18180,17836,17028,16866,15794,15366,14792,14716,14999,13952,13898,14423,14773,13741,13000,13645,13057,12747,11536,10417,14630,8444,10802,11749,11622,11600,11691,12004,11514,11340,11524,10619,10641,9829,9989,9221,8600,7932,7861,6702,6226,4950,4624,4088,3383,3045,2605,2163,1879,1345,1139,768,571,408,277,196,147,330
"47","Valladolid",1975,2099,1988,2106,1926,1886,1982,2024,1995,2081,2111,2203,2358,2289,2297,2402,2486,2623,2834,3061,3095,3405,3695,4003,4115,4529,4590,4694,4711,4656,4467,4322,4280,4337,4250,4239,4253,4101,4080,4097,4030,3831,3991,3920,3854,3780,3667,3687,3580,3339,3397,3498,3354,3402,3426,3788,3283,2984,3318,3045,3106,2683,2481,2699,1986,2011,2112,2601,2301,2330,2296,2169,2130,2117,1862,1737,1688,1605,1470,1382,1310,1150,1003,801,642,541,514,404,384,327,242,218,184,142,98,67,46,30,26,10,58,1944,1915,1947,1919,1961,1919,2022,1871,1938,1956,2031,2122,2022,2091,2273,2188,2442,2493,2682,2896,3024,3248,3396,3768,4001,4290,4251,4544,4171,4338,4269,4299,4106,4161,4120,4088,4135,4096,4126,4131,4027,3935,3916,4021,4069,3852,3915,3775,3619,3422,3496,3424,3249,3517,3492,3563,3228,2967,3422,3195,3125,2708,2490,2838,2103,2015,2294,2857,2558,2621,2613,2624,2490,2541,2337,2412,2146,2291,2103,2088,1884,1882,1557,1483,1154,1110,1037,844,872,744,701,556,425,340,273,180,137,103,95,53,99
"49","Zamora",516,617,547,630,605,638,679,689,689,725,758,830,854,882,926,935,950,1029,1041,1135,1124,1184,1240,1335,1322,1391,1362,1393,1346,1249,1286,1303,1348,1352,1294,1266,1365,1368,1463,1493,1560,1511,1452,1532,1488,1364,1425,1360,1357,1255,1312,1271,1105,1130,1154,1288,1084,982,1174,1184,1195,1035,1027,1089,824,927,1125,1454,1329,1379,1373,1478,1331,1292,1240,1248,1177,1096,1061,937,901,891,829,628,490,416,361,333,283,264,227,183,148,105,83,67,39,30,18,14,31,540,582,551,592,552,615,610,602,690,631,745,792,784,894,858,877,958,883,1004,1013,1060,1161,1097,1215,1260,1283,1296,1288,1287,1213,1222,1192,1212,1235,1177,1315,1361,1291,1339,1382,1331,1389,1375,1345,1281,1312,1229,1237,1094,1094,1062,1137,1007,1066,1086,1167,1047,952,1184,1083,1143,1084,1059,1277,960,1019,1289,1673,1518,1471,1525,1546,1474,1505,1426,1504,1465,1433,1327,1311,1220,1202,1021,923,775,738,674,617,566,520,430,401,311,253,207,124,105,64,42,23,57
"50","Zaragoza",4035,3940,4019,3980,3927,3778,3793,3735,3826,3803,3850,3959,3859,4006,4223,4191,4198,4412,4697,5047,5133,5491,5914,6451,6744,7390,7505,8018,8061,8077,7825,8066,7687,7861,7598,7531,7388,7412,7235,7593,7246,7121,6744,6922,6751,6661,6533,6219,6045,5642,5587,5807,5330,5356,5446,5684,5303,5154,5268,5132,4862,4637,4186,4722,3316,3418,3757,4505,4255,4402,4574,4389,4276,4035,3804,3699,3440,3096,2937,2869,2596,2403,2128,1818,1391,1137,977,805,726,588,459,413,277,221,145,117,86,57,41,15,52,3734,3655,3781,3631,3540,3475,3652,3640,3636,3706,3741,3912,3800,3677,3922,4083,4104,4212,4412,4644,4860,5314,5639,6158,6489,6851,7170,7274,7306,7175,7158,7241,7122,7033,6745,6950,7011,6976,6885,7101,6700,6706,6657,6898,6567,6561,6466,6158,5937,5663,5737,5843,5455,5391,5675,5906,5420,5429,5510,5151,5156,4654,4362,4889,3657,3696,4239,5229,4923,5137,5256,5274,4917,5072,4877,4795,4445,4444,4158,4118,3975,3892,3426,3173,2454,2403,2015,1775,1536,1387,1127,940,743,626,409,338,245,148,141,63,151
"51","Ceuta",548,509,526,418,492,496,499,489,504,485,556,547,529,480,514,544,511,539,535,523,536,565,664,732,783,795,754,747,772,729,696,686,698,643,630,616,596,660,635,693,632,607,590,639,602,529,514,471,492,440,456,463,367,381,373,339,348,340,359,319,300,291,286,310,266,226,284,283,247,250,216,197,224,207,170,160,124,137,109,112,99,70,87,61,51,56,32,33,11,23,21,9,6,7,9,2,1,1,0,0,0,515,547,463,426,515,463,500,455,492,473,526,488,483,481,494,518,498,485,562,516,550,567,555,591,606,620,576,632,633,622,618,600,573,605,587,556,612,574,554,676,557,596,542,590,522,525,497,461,432,418,397,374,320,336,311,338,338,315,308,312,308,305,268,331,280,270,224,333,285,281,286,286,243,277,240,224,206,201,182,156,150,137,115,110,95,87,69,52,60,40,28,29,20,21,17,5,6,5,5,4,4
"52","Melilla",499,476,513,559,493,510,530,540,540,526,552,554,530,476,472,505,496,498,553,534,552,565,576,642,621,640,612,608,555,622,528,553,553,564,583,578,603,552,574,584,585,573,534,573,584,533,565,476,473,386,382,413,336,295,295,294,269,249,278,265,271,196,220,242,194,193,232,219,207,179,169,188,144,177,149,142,139,124,101,98,82,73,76,39,38,43,42,28,17,14,7,11,7,6,0,0,4,2,0,2,1,463,434,497,483,464,482,483,450,486,477,508,473,430,485,452,481,437,498,485,489,497,487,539,582,601,587,591,512,575,579,541,553,527,546,546,528,578,580,583,552,488,516,481,510,483,500,481,420,405,359,341,332,287,312,267,258,253,242,285,263,233,261,209,268,203,216,265,321,251,264,215,240,197,282,207,182,177,216,179,148,152,116,106,107,73,65,73,54,48,42,37,26,28,25,12,12,10,1,3,3,10
